{"cameraMode":{"drawMode":0,"name":"Shaded","section":"Shading Mode"},"sceneLighting":true,"audioPlay":false,"sceneViewState":{"m_AlwaysRefresh":false,"showFog":true,"showSkybox":true,"showFlares":true,"showImageEffects":true,"showParticleSystems":true,"showVisualEffectGraphs":true,"m_FxEnabled":true},"in2DMode":false,"pivot":{"x":0.07760000228881836,"y":-0.029999999329447748,"z":0.45220887660980227},"rotation":{"x":-0.08420997112989426,"y":0.0020901053212583067,"z":-0.00017638219287618995,"w":-0.9964512586593628},"size":0.1108410507440567,"orthographic":false}